runId,faultId,classification,lostVerifiedSteps,verifiedMutationReplayCount,duplicateEffectCount,O4_cursor_monotonic,O5_fail_closed_correct,O6_single_execution_owner
E2-W0-fault04,4,PASS,0,0,0,PASS,NOT_APPLICABLE,PASS
E5-W2-fault81-01,81,PASS,0,0,0,NOT_APPLICABLE,NOT_APPLICABLE,NOT_APPLICABLE
E5-W2-fault84-02,84,EXPECTED_BLOCK,0,0,0,NOT_APPLICABLE,PASS,NOT_APPLICABLE
E5-W2-fault85-03,85,PASS,0,0,0,NOT_APPLICABLE,NOT_APPLICABLE,NOT_APPLICABLE
E5-W2-fault80-04,80,PASS,0,0,0,NOT_APPLICABLE,NOT_APPLICABLE,NOT_APPLICABLE
E5-W2-fault87-05,87,EXPECTED_BLOCK,0,0,0,NOT_APPLICABLE,PASS,NOT_APPLICABLE
E5-W2-fault83-06,83,EXPECTED_BLOCK,0,0,0,NOT_APPLICABLE,PASS,NOT_APPLICABLE
E5-W2-fault83-07,83,EXPECTED_BLOCK,0,0,0,NOT_APPLICABLE,PASS,NOT_APPLICABLE
E5-W2-fault82-08,82,PASS,0,0,0,NOT_APPLICABLE,NOT_APPLICABLE,NOT_APPLICABLE
E5-W2-fault81-09,81,PASS,0,0,0,NOT_APPLICABLE,NOT_APPLICABLE,NOT_APPLICABLE
E5-W2-fault86-10,86,EXPECTED_BLOCK,0,0,0,NOT_APPLICABLE,PASS,NOT_APPLICABLE
E5-W2-fault86-11,86,EXPECTED_BLOCK,0,0,0,NOT_APPLICABLE,PASS,NOT_APPLICABLE
E5-W2-fault82-12,82,PASS,0,0,0,NOT_APPLICABLE,NOT_APPLICABLE,NOT_APPLICABLE
E5-W2-fault80-13,80,PASS,0,0,0,NOT_APPLICABLE,NOT_APPLICABLE,NOT_APPLICABLE
E5-W2-fault82-14,82,PASS,0,0,0,NOT_APPLICABLE,NOT_APPLICABLE,NOT_APPLICABLE
E5-W2-fault83-15,83,EXPECTED_BLOCK,0,0,0,NOT_APPLICABLE,PASS,NOT_APPLICABLE
E5-W2-fault87-16,87,EXPECTED_BLOCK,0,0,0,NOT_APPLICABLE,PASS,NOT_APPLICABLE
E5-W2-fault84-17,84,EXPECTED_BLOCK,0,0,0,NOT_APPLICABLE,PASS,NOT_APPLICABLE
E5-W2-fault85-18,85,PASS,0,0,0,NOT_APPLICABLE,NOT_APPLICABLE,NOT_APPLICABLE
E5-W2-fault80-19,80,PASS,0,0,0,NOT_APPLICABLE,NOT_APPLICABLE,NOT_APPLICABLE
E5-W2-fault81-20,81,PASS,0,0,0,NOT_APPLICABLE,NOT_APPLICABLE,NOT_APPLICABLE
