runId,faultId,faultToCandidateMs,faultToResumeAcceptedMs,faultToFirstNewCheckpointMs,stepsReexecuted,verifiedStepsPreserved
E2-W0-fault04,4,746.5961,5751.9078,5754.0073,0,2
E5-W2-fault81-01,81,,,,0,0
E5-W2-fault84-02,84,,,,0,0
E5-W2-fault85-03,85,,,,0,0
E5-W2-fault80-04,80,,,,0,0
E5-W2-fault87-05,87,,,,0,0
E5-W2-fault83-06,83,,,,0,0
E5-W2-fault83-07,83,,,,0,0
E5-W2-fault82-08,82,,,,0,0
E5-W2-fault81-09,81,,,,0,0
E5-W2-fault86-10,86,,,,0,0
E5-W2-fault86-11,86,,,,0,0
E5-W2-fault82-12,82,,,,0,0
E5-W2-fault80-13,80,,,,0,0
E5-W2-fault82-14,82,,,,0,0
E5-W2-fault83-15,83,,,,0,0
E5-W2-fault87-16,87,,,,0,0
E5-W2-fault84-17,84,,,,0,0
E5-W2-fault85-18,85,,,,0,0
E5-W2-fault80-19,80,,,,0,0
E5-W2-fault81-20,81,,,,0,0
