runId,faultId,workloadId,classification,O7_cleanup_safety,O8_cleanup_completeness,O9_reboot_autonomy
E2-W0-fault04,4,W0,PASS,NOT_APPLICABLE,NOT_APPLICABLE,NOT_APPLICABLE
E5-W2-fault81-01,81,W2,PASS,PASS,PASS,NOT_APPLICABLE
E5-W2-fault84-02,84,W2,EXPECTED_BLOCK,PASS,PASS,NOT_APPLICABLE
E5-W2-fault85-03,85,W2,PASS,PASS,PASS,NOT_APPLICABLE
E5-W2-fault80-04,80,W2,PASS,PASS,PASS,NOT_APPLICABLE
E5-W2-fault87-05,87,W2,EXPECTED_BLOCK,PASS,PASS,NOT_APPLICABLE
E5-W2-fault83-06,83,W2,EXPECTED_BLOCK,PASS,PASS,NOT_APPLICABLE
E5-W2-fault83-07,83,W2,EXPECTED_BLOCK,PASS,PASS,NOT_APPLICABLE
E5-W2-fault82-08,82,W2,PASS,PASS,PASS,NOT_APPLICABLE
E5-W2-fault81-09,81,W2,PASS,PASS,PASS,NOT_APPLICABLE
E5-W2-fault86-10,86,W2,EXPECTED_BLOCK,PASS,PASS,NOT_APPLICABLE
E5-W2-fault86-11,86,W2,EXPECTED_BLOCK,PASS,PASS,NOT_APPLICABLE
E5-W2-fault82-12,82,W2,PASS,PASS,PASS,NOT_APPLICABLE
E5-W2-fault80-13,80,W2,PASS,PASS,PASS,NOT_APPLICABLE
E5-W2-fault82-14,82,W2,PASS,PASS,PASS,NOT_APPLICABLE
E5-W2-fault83-15,83,W2,EXPECTED_BLOCK,PASS,PASS,NOT_APPLICABLE
E5-W2-fault87-16,87,W2,EXPECTED_BLOCK,PASS,PASS,NOT_APPLICABLE
E5-W2-fault84-17,84,W2,EXPECTED_BLOCK,PASS,PASS,NOT_APPLICABLE
E5-W2-fault85-18,85,W2,PASS,PASS,PASS,NOT_APPLICABLE
E5-W2-fault80-19,80,W2,PASS,PASS,PASS,NOT_APPLICABLE
E5-W2-fault81-20,81,W2,PASS,PASS,PASS,NOT_APPLICABLE
