runId,faultId,workloadId,classification,expectedOutcome,actualOutcome,lostVerifiedSteps,verifiedMutationReplayCount,duplicateEffectCount,faultToResumeAcceptedMs,faultToFirstNewCheckpointMs,offWorkVolumeResidualCount
E2-W0-fault04,4,W0,PASS,RESUME_NO_REPLAY,RESUME_ACCEPTED,0,0,0,5751.9078,5754.0073,
E5-W2-fault81-01,81,W2,PASS,REGENERATE_OR_REVALIDATE,CLEANUP_COMPLETED,0,0,0,,,0
E5-W2-fault84-02,84,W2,EXPECTED_BLOCK,CLEANUP_BLOCKED_LOCKED_FILE,CLEANUP_BLOCKED,0,0,0,,,0
E5-W2-fault85-03,85,W2,PASS,RETRY_CLEANUP_DEBT,CLEANUP_COMPLETED,0,0,0,,,0
E5-W2-fault80-04,80,W2,PASS,PRESERVE_SOURCE_AND_CLEAN_DERIVATIVE,CLEANUP_COMPLETED,0,0,0,,,0
E5-W2-fault87-05,87,W2,EXPECTED_BLOCK,CLEANUP_BLOCKED_PRESERVE_TARGET,CLEANUP_BLOCKED,0,0,0,,,0
E5-W2-fault83-06,83,W2,EXPECTED_BLOCK,CLEANUP_BLOCKED_PRESERVE_FOREIGN_CHILD,CLEANUP_BLOCKED,0,0,0,,,0
E5-W2-fault83-07,83,W2,EXPECTED_BLOCK,CLEANUP_BLOCKED_PRESERVE_FOREIGN_CHILD,CLEANUP_BLOCKED,0,0,0,,,0
E5-W2-fault82-08,82,W2,PASS,REUSE_AFTER_OWNERSHIP_VERIFICATION,CLEANUP_COMPLETED,0,0,0,,,0
E5-W2-fault81-09,81,W2,PASS,REGENERATE_OR_REVALIDATE,CLEANUP_COMPLETED,0,0,0,,,0
E5-W2-fault86-10,86,W2,EXPECTED_BLOCK,CLEANUP_BLOCKED_PRESERVE_PATH,CLEANUP_BLOCKED,0,0,0,,,0
E5-W2-fault86-11,86,W2,EXPECTED_BLOCK,CLEANUP_BLOCKED_PRESERVE_PATH,CLEANUP_BLOCKED,0,0,0,,,0
E5-W2-fault82-12,82,W2,PASS,REUSE_AFTER_OWNERSHIP_VERIFICATION,CLEANUP_COMPLETED,0,0,0,,,0
E5-W2-fault80-13,80,W2,PASS,PRESERVE_SOURCE_AND_CLEAN_DERIVATIVE,CLEANUP_COMPLETED,0,0,0,,,0
E5-W2-fault82-14,82,W2,PASS,REUSE_AFTER_OWNERSHIP_VERIFICATION,CLEANUP_COMPLETED,0,0,0,,,0
E5-W2-fault83-15,83,W2,EXPECTED_BLOCK,CLEANUP_BLOCKED_PRESERVE_FOREIGN_CHILD,CLEANUP_BLOCKED,0,0,0,,,0
E5-W2-fault87-16,87,W2,EXPECTED_BLOCK,CLEANUP_BLOCKED_PRESERVE_TARGET,CLEANUP_BLOCKED,0,0,0,,,0
E5-W2-fault84-17,84,W2,EXPECTED_BLOCK,CLEANUP_BLOCKED_LOCKED_FILE,CLEANUP_BLOCKED,0,0,0,,,0
E5-W2-fault85-18,85,W2,PASS,RETRY_CLEANUP_DEBT,CLEANUP_COMPLETED,0,0,0,,,0
E5-W2-fault80-19,80,W2,PASS,PRESERVE_SOURCE_AND_CLEAN_DERIVATIVE,CLEANUP_COMPLETED,0,0,0,,,0
E5-W2-fault81-20,81,W2,PASS,REGENERATE_OR_REVALIDATE,CLEANUP_COMPLETED,0,0,0,,,0
